{
  "dataset": "quora",
  "num_documents": 522931,
  "num_queries": 10000,
  "num_qrels": 10000,
  "hnsw_M": 16,
  "hnsw_efC": 100,
  "hnsw_efSearch": 1000,
  "threads": "16",
  "k_retrieve": 1000,
  "k_eval": 10,
  "index_times": {
    "BM25": 18.05386757850647,
    "SPLADE++ ED": 243.12676644325256,
    "BGE-HNSW": 194.9913935661316,
    "BGE-Flat": 2.1693830490112305,
    "BGE-HNSW-int8": 194.5519983768463,
    "BGE-Flat-int8": 3.2200028896331787
  },
  "total_indexing_time": 458.34141063690186,
  "int8_quantization": {
    "method": "simple_linear_quantization",
    "scale": 127,
    "range": "[-128, 127]"
  },
  "speedup": {
    "hnsw_indexing": 1.002258497434882,
    "flat_indexing": 0.6737208391941429,
    "hnsw_query": 1.01237541062829,
    "flat_query": 1.0089611858136038
  },
  "quality_retention": {
    "hnsw_ndcg": 99.99703732131786,
    "flat_ndcg": 99.98867850661924
  }
}