Method,Type,Recall@10,nDCG@10,QPS
BM25,Sparse (Baseline),0.8894416519127726,0.7885510542801004,21.654332533831475
SPLADE++ ED,Sparse (Learned),0.709271417879692,0.5750287112539911,5.8194086425443095
BGE-HNSW,Dense (HNSW),0.9573214177129344,0.8888976984985267,204.83184595120574
BGE-Flat,Dense (Flat),0.9573714177129344,0.8889892788783018,7.34643569570299
