Method,Quantization,QPS,nDCG@10,Recall@10
BGE-HNSW,FP32,204.83184595120574,0.8888976984985267,0.9573214177129344
BGE-HNSW,int8,207.36672415460257,0.8888713633159073,0.9579698391237582
BGE-Flat,FP32,7.34643569570299,0.8889892788783018,0.9573714177129344
BGE-Flat,int8,7.4122684710398765,0.8888886320159379,0.9578862426325302
