Method,Quantization,QPS,nDCG@10,Recall@10
BGE-HNSW,FP32,214.02963110309037,0.39099983474157113,0.45719566784381593
BGE-HNSW,int8,200.67863784112174,0.3881661122100955,0.45432603233529156
BGE-Flat,FP32,54.48722848168058,0.3909459043534009,0.45719566784381593
BGE-Flat,int8,58.248946158126195,0.38824953527259076,0.45432603233529156
