Method,Quantization,QPS,nDCG@10,Recall@10
BGE-HNSW,FP32,784.2407391113067,0.3707098306014734,0.17563869773151328
BGE-HNSW,int8,733.1548513136889,0.3725808887974642,0.17593884792826364
BGE-Flat,FP32,1376.3454171775963,0.3693186201459581,0.17560086127419483
BGE-Flat,int8,1349.8588544993129,0.3715768958722588,0.17593884792826364
