Method,Type,Recall@10,nDCG@10,QPS
BM25,Sparse (Baseline),0.15414677558822193,0.3230530054479484,47.825659827634055
SPLADE++ ED,Sparse (Learned),0.1302634211061029,0.2495978260197036,10.872082713524955
BGE-HNSW,Dense (HNSW),0.17563869773151328,0.3707098306014734,784.2407391113067
BGE-Flat,Dense (Flat),0.17560086127419483,0.3693186201459581,1376.3454171775963
