Method,Quantization,Index Time (s)
BGE-HNSW,FP32,0.6780939102172852
BGE-HNSW,int8,0.6483416557312012
BGE-Flat,FP32,0.04443502426147461
BGE-Flat,int8,0.041872262954711914
