{
  "dataset": "arguana",
  "num_documents": 8674,
  "num_queries": 1406,
  "num_qrels": 1406,
  "hnsw_M": 16,
  "hnsw_efC": 100,
  "hnsw_efSearch": 1000,
  "threads": "16",
  "k_retrieve": 1000,
  "k_eval": 10,
  "index_times": {
    "BM25": 5.095634460449219,
    "SPLADE++ ED": 20.30428671836853,
    "BGE-HNSW": 0.6780939102172852,
    "BGE-Flat": 0.04443502426147461,
    "BGE-HNSW-int8": 0.6483416557312012,
    "BGE-Flat-int8": 0.041872262954711914
  },
  "total_indexing_time": 26.12245011329651,
  "int8_quantization": {
    "method": "simple_linear_quantization",
    "scale": 127,
    "range": "[-128, 127]"
  },
  "speedup": {
    "hnsw_indexing": 1.0458897777477052,
    "flat_indexing": 1.0612042704626334,
    "hnsw_query": 0.9817253264819696,
    "flat_query": 1.0737397394320427
  },
  "quality_retention": {
    "hnsw_ndcg": 99.32179256544458,
    "flat_ndcg": 99.32385040695502
  }
}