Method,nDCG@10,Recall@10,QPS
HNSW FP32,0.4649,0.6428,8712.7
HNSW INT8,0.4683,0.6443,9034.2
Flat INT8,0.5413,0.7469,5.0
Flat FP32 (Exact),0.5412,0.7466,14.9
BM25 (Sparse),0.235238,0.364354,49.354034
