Method,Quantization,Index Time (s)
BGE-HNSW,FP32,194.9913935661316
BGE-HNSW,int8,194.5519983768463
BGE-Flat,FP32,2.1693830490112305
BGE-Flat,int8,3.2200028896331787
