Method,Type,Recall@10,nDCG@10,QPS
BM25,Sparse (Baseline),0.8038333333333334,0.6789094274508312,18.695518537123316
SPLADE++ ED,Sparse (Learned),0.6956666666666668,0.5487280794531919,10.583494603856135
BGE-HNSW,Dense (HNSW),0.8658888888888888,0.7376262824405598,713.8430816361264
BGE-Flat,Dense (Flat),0.8658888888888888,0.7376262824405598,961.9330839103851
