Method,Quantization,Index Time (s)
BGE-HNSW,FP32,0.2931652069091797
BGE-HNSW,int8,0.3478553295135498
BGE-Flat,FP32,0.012292623519897461
BGE-Flat,int8,0.011601686477661133
