{
  "dataset": "nfcorpus",
  "num_documents": 3633,
  "num_queries": 323,
  "num_qrels": 323,
  "hnsw_M": 16,
  "hnsw_efC": 100,
  "hnsw_efSearch": 1000,
  "threads": "16",
  "k_retrieve": 1000,
  "k_eval": 10,
  "index_times": {
    "BM25": 4.086177110671997,
    "SPLADE++ ED": 9.898600101470947,
    "BGE-HNSW": 0.2931652069091797,
    "BGE-Flat": 0.012292623519897461,
    "BGE-HNSW-int8": 0.3478553295135498,
    "BGE-Flat-int8": 0.011601686477661133
  },
  "total_indexing_time": 14.290235042572021,
  "int8_quantization": {
    "method": "simple_linear_quantization",
    "scale": 127,
    "range": "[-128, 127]"
  },
  "speedup": {
    "hnsw_indexing": 0.8427791154418987,
    "flat_indexing": 1.0595548796777707,
    "hnsw_query": 0.93485943123089,
    "flat_query": 0.980755875416363
  },
  "quality_retention": {
    "hnsw_ndcg": 100.50472311267144,
    "flat_ndcg": 100.61147085554694
  }
}