Method,Quantization,QPS,nDCG@10,Recall@10
BGE-HNSW,FP32,447.5958142046413,0.6522379625656316,0.006893758772109829
BGE-HNSW,int8,435.8162181707852,0.6541365385159201,0.006911970733788189
BGE-Flat,FP32,220.82071541989748,0.6523166165688832,0.006893758772109829
BGE-Flat,int8,82.19635312944733,0.6549045637044217,0.006911970733788189
