Method,Type,Recall@10,nDCG@10,QPS
BM25,Sparse (Baseline),0.00746281475880103,0.5695763324909177,16.363829023879784
SPLADE++ ED,Sparse (Learned),0.007697889490436267,0.6971696212230171,27.223627513264876
BGE-HNSW,Dense (HNSW),0.006893758772109829,0.6522379625656316,447.5958142046413
BGE-Flat,Dense (Flat),0.006893758772109829,0.6523166165688832,220.82071541989748
