Method,Quantization,Index Time (s)
BGE-HNSW,FP32,52.8224573135376
BGE-HNSW,int8,53.471047163009644
BGE-Flat,FP32,0.4391438961029053
BGE-Flat,int8,0.3752896785736084
