{
  "dataset": "cqadupstack/programmers",
  "num_documents": 32176,
  "num_queries": 876,
  "num_qrels": 876,
  "hnsw_M": 16,
  "hnsw_efC": 100,
  "hnsw_efSearch": 1000,
  "threads": "16",
  "k_retrieve": 1000,
  "k_eval": 10,
  "index_times": {
    "BM25": 15.383845806121826,
    "SPLADE++ ED": 88.74368333816528,
    "BGE-HNSW": 17.640166759490967,
    "BGE-Flat": 0.3426814079284668,
    "BGE-HNSW-int8": 16.715433835983276,
    "BGE-Flat-int8": 0.41983866691589355
  },
  "total_indexing_time": 122.11037731170654,
  "int8_quantization": {
    "method": "simple_linear_quantization",
    "scale": 127,
    "range": "[-128, 127]"
  },
  "speedup": {
    "hnsw_indexing": 1.0553221012736755,
    "flat_indexing": 0.8162216463904605,
    "hnsw_query": 1.0411757529024057,
    "flat_query": 1.062979792266151
  },
  "quality_retention": {
    "hnsw_ndcg": 99.6367734046612,
    "flat_ndcg": 99.59458141954187
  }
}