Method,Quantization,Index Time (s)
BGE-HNSW,FP32,17.640166759490967
BGE-HNSW,int8,16.715433835983276
BGE-Flat,FP32,0.3426814079284668
BGE-Flat,int8,0.41983866691589355
