Method,Quantization,QPS,nDCG@10,Recall@10
BGE-HNSW,FP32,236.04696667456872,0.4021930850521379,0.5203479869127566
BGE-HNSW,int8,245.76637824772314,0.40073221280261495,0.5130755726197943
BGE-Flat,FP32,101.48891247375118,0.4020382312011876,0.5199674694089514
BGE-Flat,int8,107.88066309866561,0.4004082935113527,0.5126950551159892
