Method,Type,Recall@10,nDCG@10,QPS
BM25,Sparse (Baseline),0.35388346447749314,0.2801985894725608,15.52283000025763
SPLADE++ ED,Sparse (Learned),0.29120819882806187,0.20230870259907024,8.039543344278163
BGE-HNSW,Dense (HNSW),0.5203479869127566,0.4021930850521379,236.04696667456872
BGE-Flat,Dense (Flat),0.5199674694089514,0.4020382312011876,101.48891247375118
