Method,Type,Recall@10,nDCG@10,QPS
BM25,Sparse (Baseline),0.025853119868637107,0.14904809869978664,15.411806056103888
SPLADE++ ED,Sparse (Learned),0.016103448275862072,0.09398702344168784,7.354203377083861
BGE-HNSW,Dense (HNSW),0.03766789819376026,0.2146743508982934,330.3290063684927
BGE-Flat,Dense (Flat),0.03766789819376026,0.2146743508982934,132.29480084420297
