{
  "dataset": "scidocs",
  "num_documents": 25657,
  "num_queries": 1000,
  "num_qrels": 1000,
  "hnsw_M": 16,
  "hnsw_efC": 100,
  "hnsw_efSearch": 1000,
  "threads": "16",
  "k_retrieve": 1000,
  "k_eval": 10,
  "index_times": {
    "BM25": 13.194655656814575,
    "SPLADE++ ED": 105.7240538597107,
    "BGE-HNSW": 9.471953868865967,
    "BGE-Flat": 0.15144777297973633,
    "BGE-HNSW-int8": 9.205144166946411,
    "BGE-Flat-int8": 0.13311767578125
  },
  "total_indexing_time": 128.54211115837097,
  "int8_quantization": {
    "method": "simple_linear_quantization",
    "scale": 127,
    "range": "[-128, 127]"
  },
  "speedup": {
    "hnsw_indexing": 1.0289848477199965,
    "flat_indexing": 1.1376984468133884,
    "hnsw_query": 0.9750177555495645,
    "flat_query": 1.047074628772327
  },
  "quality_retention": {
    "hnsw_ndcg": 100.08354829201139,
    "flat_ndcg": 100.10430285559889
  }
}