Method,Quantization,QPS,nDCG@10,Recall@10
BGE-HNSW,FP32,213.471259,0.400617,0.520537
BGE-HNSW,int8,197.595256,0.403986,0.525948
BGE-Flat,FP32,63.68774,0.400617,0.520537
BGE-Flat,int8,73.088199,0.40371,0.525015