Method,Type,Recall@10,nDCG@10,QPS
BM25,Sparse (Baseline),0.336556,0.274850,14.965206
SPLADE++ ED,Sparse (Learned),0.271548,0.198793,8.273529
BGE-HNSW,Dense (HNSW),0.520537,0.400617,213.471259
BGE-Flat,Dense (Flat),0.520537,0.400617,63.687740