Method,Quantization,Index Time (s)
BGE-HNSW,FP32,0.32273244857788086
BGE-HNSW,int8,0.3328826427459717
BGE-Flat,FP32,0.010410070419311523
BGE-Flat,int8,0.00739288330078125
