Method,Type,Recall@10,nDCG@10,QPS
BM25,Sparse (Baseline),0.15414677558822193,0.3230530054479484,44.264387835391496
SPLADE++ ED,Sparse (Learned),0.16806179330415477,0.35626217809306915,323.0
BGE-HNSW,Dense (HNSW),0.17563869773151328,0.37096131457182796,818.326628712946
BGE-Flat,Dense (Flat),0.17560086127419483,0.3693186201459581,4871.450733903388
