Method,Type,Recall@10,nDCG@10,QPS
BM25,Sparse (Baseline),0.15414677558822193,0.3230530054479484,43.170703884467365
SPLADE++ ED,Sparse (Learned),0.16799299385455035,0.35643875426869437,354.4116606641464
BGE-HNSW,Dense (HNSW),0.17563869773151328,0.3707098306014734,1601.4698208400516
BGE-Flat,Dense (Flat),0.17560086127419483,0.3693186201459581,4772.181156586952
