Method,Type,Recall@10,nDCG@10,QPS
BM25,Sparse (Baseline),0.15414677558822193,0.3230530054479484,46.43895321165408
SPLADE++ ED,Sparse (Learned),0.1687311546159309,0.35675737287497933,242.0635455132325
BGE-HNSW,Dense (HNSW),0.17563869773151328,0.3707098306014734,1504.8978287867376
BGE-Flat,Dense (Flat),0.17560086127419483,0.3693186201459581,4865.18778998779
