Method,Quantization,QPS,nDCG@10,Recall@10
BGE-HNSW,FP32,818.326628712946,0.37096131457182796,0.17563869773151328
BGE-HNSW,int8,753.0453385746414,0.3728768970327449,0.17593884792826364
BGE-Flat,FP32,4871.450733903388,0.3693186201459581,0.17560086127419483
BGE-Flat,int8,3402.210426921145,0.3715632274856789,0.17593884792826364
