Method,Quantization,QPS,nDCG@10,Recall@10
BGE-HNSW,FP32,1504.8978287867376,0.3707098306014734,0.17563869773151328
BGE-HNSW,int8,1465.9082903942747,0.37262541306239033,0.17593884792826364
BGE-Flat,FP32,4865.18778998779,0.3693186201459581,0.17560086127419483
BGE-Flat,int8,4645.157524429967,0.3715632274856789,0.17593884792826364
