Method,Quantization,QPS,nDCG@10,Recall@10
BGE-HNSW,FP32,1601.4698208400516,0.3707098306014734,0.17563869773151328
BGE-HNSW,int8,1581.232169472732,0.3705515418131438,0.175488355191351
BGE-Flat,FP32,4772.181156586952,0.3693186201459581,0.17560086127419483
BGE-Flat,int8,2589.6456852306724,0.36916033135762866,0.17545051873403258
