Method,Quantization,Index Time (s)
BGE-HNSW,FP32,0.6148395538330078
BGE-HNSW,int8,0.5771231651306152
BGE-Flat,FP32,0.01111912727355957
BGE-Flat,int8,0.01607966423034668
