Method,Type,Recall@10,nDCG@10,QPS
BM25,Sparse (Baseline),0.8038333333333334,0.6789094274508312,17.362609337909248
SPLADE++ ED,Sparse (Learned),0.6956666666666668,0.5487280794531919,3.988344633447455
BGE-HNSW,Dense (HNSW),0.8658888888888888,0.7376262824405598,506.7267510344619
BGE-Flat,Dense (Flat),0.8658888888888888,0.7376262824405598,924.4181664170042
