Method,Quantization,Index Time (s)
BGE-HNSW,FP32,0.9373297691345215
BGE-HNSW,int8,1.1625547409057617
BGE-Flat,FP32,0.00982356071472168
BGE-Flat,int8,0.01675105094909668
