Method,Type,Recall@10,nDCG@10,QPS
BM25,Sparse (Baseline),0.6422475106685633,0.29985330497470736,13.309297956283821
SPLADE++ ED,Sparse (Learned),0.7603129445234709,0.3655685839877347,1406.0
BGE-HNSW,Dense (HNSW),0.8698435277382646,0.4530008817837809,548.8490945726478
BGE-Flat,Dense (Flat),0.8698435277382646,0.4530008817837809,2945.452913741038
