Method,Quantization,Index Time (s)
BGE-HNSW,FP32,2.3240785598754883
BGE-HNSW,int8,2.2282278537750244
BGE-Flat,FP32,0.009913921356201172
BGE-Flat,int8,0.027669668197631836
