Method,Type,Recall@10,nDCG@10,QPS
BM25,Sparse (Baseline),0.6422475106685633,0.29985330497470736,16.54782728762968
SPLADE++ ED,Sparse (Learned),0.7603129445234709,0.36550940008447497,41.08366441405171
BGE-HNSW,Dense (HNSW),0.8698435277382646,0.4530008817837809,1289.8962263284275
BGE-Flat,Dense (Flat),0.8698435277382646,0.4530008817837809,3745.7801310504105
