Method,Quantization,QPS,nDCG@10,Recall@10
BGE-HNSW,FP32,1289.8962263284275,0.4530008817837809,0.8698435277382646
BGE-HNSW,int8,1220.3353845421614,0.4526490957182104,0.8691322901849218
BGE-Flat,FP32,3745.7801310504105,0.4530008817837809,0.8698435277382646
BGE-Flat,int8,1496.0090615073914,0.4526490957182104,0.8691322901849218
