Method,Quantization,QPS,nDCG@10,Recall@10
BGE-HNSW,FP32,548.8490945726478,0.4530008817837809,0.8698435277382646
BGE-HNSW,int8,568.4792785087876,0.44984845598549894,0.8648648648648649
BGE-Flat,FP32,2945.452913741038,0.4530008817837809,0.8698435277382646
BGE-Flat,int8,2982.606372465221,0.44996908726243456,0.8648648648648649
