{
  "dataset": "fiqa",
  "num_documents": 57638,
  "num_queries": 648,
  "num_qrels": 648,
  "hnsw_M": 16,
  "hnsw_efC": 100,
  "hnsw_efSearch": 1000,
  "threads": "16",
  "k_retrieve": 1000,
  "k_eval": 10,
  "index_times": {
    "BM25": 17.59070920944214,
    "SPLADE++ ED": 173.20852422714233,
    "BGE-HNSW": 32.466652154922485,
    "BGE-Flat": 5.811082601547241,
    "BGE-HNSW-int8": 35.11676025390625,
    "BGE-Flat-int8": 5.617274045944214
  },
  "total_indexing_time": 229.0769681930542,
  "int8_quantization": {
    "method": "simple_linear_quantization",
    "scale": 127,
    "range": "[-128, 127]"
  },
  "speedup": {
    "hnsw_indexing": 0.9245343796004366,
    "flat_indexing": 1.0345022432620963,
    "hnsw_query": 0.9376208182336307,
    "flat_query": 1.0690385211593274
  },
  "quality_retention": {
    "hnsw_ndcg": 99.27526247335922,
    "flat_ndcg": 99.31029611749746
  }
}