Method,Quantization,Index Time (s)
BGE-HNSW,FP32,15.007795333862305
BGE-HNSW,int8,13.513378620147705
BGE-Flat,FP32,0.14834809303283691
BGE-Flat,int8,0.10747027397155762
