Method,Quantization,Index Time (s)
BGE-HNSW,FP32,32.466652154922485
BGE-HNSW,int8,35.11676025390625
BGE-Flat,FP32,5.811082601547241
BGE-Flat,int8,5.617274045944214
