Method,Quantization,QPS,nDCG@10,Recall@10
BGE-HNSW,FP32,565.2986505382685,0.3889683456406648,0.45488085302900116
BGE-HNSW,int8,609.0399505939571,0.38979597713288217,0.4565955306696047
BGE-Flat,FP32,970.8891370371243,0.3909459043534009,0.45719566784381593
BGE-Flat,int8,248.39765281034158,0.3913226218659707,0.4581387405461479
