Method,Type,Recall@10,nDCG@10,QPS
BM25,Sparse (Baseline),0.2950684432165913,0.2360668075849401,14.98309076782477
SPLADE++ ED,Sparse (Learned),0.22585249113026892,0.18209579052524205,7.448390556495866
BGE-HNSW,Dense (HNSW),0.45719566784381593,0.39099983474157113,214.02963110309037
BGE-Flat,Dense (Flat),0.45719566784381593,0.3909459043534009,54.48722848168058
