Method,Type,Recall@10,nDCG@10,QPS
BM25,Sparse (Baseline),0.2950684432165913,0.2360668075849401,17.366145517045226
SPLADE++ ED,Sparse (Learned),0.41293423226293596,0.35712749413008543,80.45879127133203
BGE-HNSW,Dense (HNSW),0.45488085302900116,0.3889683456406648,565.2986505382685
BGE-Flat,Dense (Flat),0.45719566784381593,0.3909459043534009,970.8891370371243
