Method,Type,Recall@10,nDCG@10,QPS
BM25,Sparse (Baseline),0.8038333333333334,0.6789094274508312,13.736782198438076
SPLADE++ ED,Sparse (Learned),0.8335555555555555,0.7170175182579661,300.0
BGE-HNSW,Dense (HNSW),0.8658888888888888,0.7376262824405598,622.682775473362
BGE-Flat,Dense (Flat),0.8658888888888888,0.7376262824405598,2100.8038974417195
