Method,Type,Recall@10,nDCG@10,QPS
BM25,Sparse (Baseline),0.8038333333333334,0.6789094274508312,19.049393349863713
SPLADE++ ED,Sparse (Learned),0.8335555555555555,0.7170937644372151,216.85347423823717
BGE-HNSW,Dense (HNSW),0.8658888888888888,0.7376262824405598,1396.2489763580318
BGE-Flat,Dense (Flat),0.8658888888888888,0.7376262824405598,4205.09708251178
