Method,Quantization,QPS,nDCG@10,Recall@10
BGE-HNSW,FP32,622.682775473362,0.7376262824405598,0.8658888888888888
BGE-HNSW,int8,577.2306314671109,0.7424397568840996,0.8725555555555555
BGE-Flat,FP32,2100.8038974417195,0.7376262824405598,0.8658888888888888
BGE-Flat,int8,3453.2010187055416,0.7423916406136938,0.8725555555555555
