Method,Quantization,QPS,nDCG@10,Recall@10
BGE-HNSW,FP32,1396.2489763580318,0.7376262824405598,0.8658888888888888
BGE-HNSW,int8,1423.5883093653374,0.7364992505908592,0.8658888888888888
BGE-Flat,FP32,4205.09708251178,0.7376262824405598,0.8658888888888888
BGE-Flat,int8,2209.5945858144546,0.7364992505908592,0.8658888888888888
