Method,Quantization,Index Time (s)
BGE-HNSW,FP32,0.591242790222168
BGE-HNSW,int8,0.6243653297424316
BGE-Flat,FP32,0.01407766342163086
BGE-Flat,int8,0.010325431823730469
