Method,Quantization,QPS,nDCG@10,Recall@10
BGE-HNSW,FP32,1546.4772322251583,0.7376262824405598,0.8658888888888888
BGE-HNSW,int8,1528.874459610847,0.7424397568840996,0.8725555555555555
BGE-Flat,FP32,4049.0380128908523,0.7376262824405598,0.8658888888888888
BGE-Flat,int8,4144.951444797281,0.7423916406136938,0.8725555555555555
