Method,Type,Recall@10,nDCG@10,QPS
BM25,Sparse (Baseline),0.8038333333333334,0.6789094274508312,19.843268152191346
SPLADE++ ED,Sparse (Learned),0.833,0.7144682296239535,155.30912075637045
BGE-HNSW,Dense (HNSW),0.8658888888888888,0.7376262824405598,1546.4772322251583
BGE-Flat,Dense (Flat),0.8658888888888888,0.7376262824405598,4049.0380128908523
