Method,Quantization,Index Time (s)
BGE-HNSW,FP32,1.3620374202728271
BGE-HNSW,int8,1.2267699241638184
BGE-Flat,FP32,0.011482000350952148
BGE-Flat,int8,0.02022695541381836
