Method,Quantization,QPS,nDCG@10,Recall@10
BGE-HNSW,FP32,467.62428671535196,0.5866834238161706,0.7258103026874682
BGE-HNSW,int8,519.3757877590808,0.5835935859998969,0.7229861576854647
BGE-Flat,FP32,1229.6450949127152,0.5866778747836705,0.7258103026874682
BGE-Flat,int8,1212.1872720891326,0.5837013905688408,0.7236131169331136
