Method,Quantization,Index Time (s)
BGE-HNSW,FP32,30.96701192855835
BGE-HNSW,int8,34.277241468429565
BGE-Flat,FP32,0.11938238143920898
BGE-Flat,int8,0.1289212703704834
