Method,Type,Recall@10,nDCG@10,QPS
BM25,Sparse (Baseline),0.592225282142375,0.4821797711034688,16.26132686317775
SPLADE++ ED,Sparse (Learned),0.656632733158059,0.5368567080448492,118.32285808980579
BGE-HNSW,Dense (HNSW),0.7248698638159947,0.5857267120329159,206.4398155324146
BGE-Flat,Dense (Flat),0.7258103026874682,0.5866778747836705,800.5335618093964
