Method,Quantization,Index Time (s)
BGE-HNSW,FP32,12.095232009887695
BGE-HNSW,int8,12.021036148071289
BGE-Flat,FP32,0.12069177627563477
BGE-Flat,int8,0.18275737762451172
