Method,Quantization,QPS,nDCG@10,Recall@10
BGE-HNSW,FP32,206.4398155324146,0.5857267120329159,0.7248698638159947
BGE-HNSW,int8,204.1218392826097,0.5853445680037357,0.7250579515902895
BGE-Flat,FP32,800.5335618093964,0.5866778747836705,0.7258103026874682
BGE-Flat,int8,120.321303334063,0.5859225152458897,0.7256849108379384
