Method,Type,Recall@10,nDCG@10,QPS
BM25,Sparse (Baseline),0.592225282142375,0.4821797711034688,20.166092097550095
SPLADE++ ED,Sparse (Learned),0.6560057739104102,0.5359559061361909,1595.0
BGE-HNSW,Dense (HNSW),0.7258103026874682,0.5866834238161706,467.62428671535196
BGE-Flat,Dense (Flat),0.7258103026874682,0.5866778747836705,1229.6450949127152
