Method,Type,Recall@10,nDCG@10,QPS
BM25,Sparse (Baseline),0.41120874879296443,0.32139716451192546,15.924465501087214
SPLADE++ ED,Sparse (Learned),0.4909597953630678,0.38233059124644786,115.94518161144705
BGE-HNSW,Dense (HNSW),0.5855959619434115,0.46085592777207246,219.217156023464
BGE-Flat,Dense (Flat),0.5855959619434115,0.46085592777207246,919.3411061040799
