Method,Quantization,QPS,nDCG@10,Recall@10
BGE-HNSW,FP32,219.217156023464,0.46085592777207246,0.5855959619434115
BGE-HNSW,int8,267.4200607424501,0.4609513791845008,0.5854199268780598
BGE-Flat,FP32,919.3411061040799,0.46085592777207246,0.5855959619434115
BGE-Flat,int8,134.60227335133226,0.4609513791845008,0.5854199268780598
