Method,Quantization,Index Time (s)
BGE-HNSW,FP32,22.6743426322937
BGE-HNSW,int8,22.817955255508423
BGE-Flat,FP32,0.11750340461730957
BGE-Flat,int8,0.10889053344726562
