Method,Type,Recall@10,nDCG@10,QPS
BM25,Sparse (Baseline),0.47466755549363454,0.3801411648914848,16.422152798793746
SPLADE++ ED,Sparse (Learned),0.5283379368737854,0.41931755071016696,46.922503008939735
BGE-HNSW,Dense (HNSW),0.6328225815114338,0.5020977792637207,332.46675279736723
BGE-Flat,Dense (Flat),0.6328225815114338,0.5020977792637207,1717.7815434859415
