Method,Type,Recall@10,nDCG@10,QPS
BM25,Sparse (Baseline),0.47466755549363454,0.3801411648914848,16.2119225424465
SPLADE++ ED,Sparse (Learned),0.5250122211017177,0.41531316709237354,197.3304023601962
BGE-HNSW,Dense (HNSW),0.6328225815114338,0.5020977792637207,276.114312751592
BGE-Flat,Dense (Flat),0.6328225815114338,0.5020977792637207,1348.9561028398848
