Method,Quantization,QPS,nDCG@10,Recall@10
BGE-HNSW,FP32,276.114312751592,0.5020977792637207,0.6328225815114338
BGE-HNSW,int8,250.06748879595028,0.5030362745045407,0.6357178741062971
BGE-Flat,FP32,1348.9561028398848,0.5020977792637207,0.6328225815114338
BGE-Flat,int8,248.38964547553803,0.5030362745045407,0.6357178741062971
