Method,Quantization,QPS,nDCG@10,Recall@10
BGE-HNSW,FP32,332.46675279736723,0.5020977792637207,0.6328225815114338
BGE-HNSW,int8,341.0213869239979,0.49818543449221003,0.6244570226030826
BGE-Flat,FP32,1717.7815434859415,0.5020977792637207,0.6328225815114338
BGE-Flat,int8,1221.556429234505,0.4976596134809837,0.622907189508185
