Method,Quantization,Index Time (s)
BGE-HNSW,FP32,11.46207046508789
BGE-HNSW,int8,12.336852788925171
BGE-Flat,FP32,0.0733194351196289
BGE-Flat,int8,0.06395888328552246
