Method,Quantization,Index Time (s)
BGE-HNSW,FP32,22.70708990097046
BGE-HNSW,int8,24.685091495513916
BGE-Flat,FP32,0.1287524700164795
BGE-Flat,int8,0.12760066986083984
