Method,Type,Recall@10,nDCG@10,QPS
BM25,Sparse (Baseline),0.37564164648910414,0.2900743147024795,15.897803338327991
SPLADE++ ED,Sparse (Learned),0.43762980898574116,0.32320775854325273,885.0
BGE-HNSW,Dense (HNSW),0.5519935431799838,0.408816034321164,264.2669256397206
BGE-Flat,Dense (Flat),0.5519935431799838,0.408816034321164,1256.1608363849377
