Method,Quantization,Index Time (s)
BGE-HNSW,FP32,20.750722408294678
BGE-HNSW,int8,19.82269549369812
BGE-Flat,FP32,0.09526705741882324
BGE-Flat,int8,0.32911205291748047
