Method,Quantization,QPS,nDCG@10,Recall@10
BGE-HNSW,FP32,225.40068054511374,0.408816034321164,0.5519935431799838
BGE-HNSW,int8,158.1252881547815,0.4084458436669535,0.5519935431799838
BGE-Flat,FP32,581.6261519051287,0.408816034321164,0.5519935431799838
BGE-Flat,int8,77.88518246169158,0.4084458436669535,0.5519935431799838
