Method,Type,Recall@10,nDCG@10,QPS
BM25,Sparse (Baseline),0.37564164648910414,0.2900743147024795,14.51004316762022
SPLADE++ ED,Sparse (Learned),0.43762980898574116,0.3232924072744866,137.4448091166015
BGE-HNSW,Dense (HNSW),0.5519935431799838,0.408816034321164,225.40068054511374
BGE-Flat,Dense (Flat),0.5519935431799838,0.408816034321164,581.6261519051287
