Method,Quantization,QPS,nDCG@10,Recall@10
BGE-HNSW,FP32,264.2669256397206,0.408816034321164,0.5519935431799838
BGE-HNSW,int8,272.93621802844496,0.4034048000832664,0.5451699399157027
BGE-Flat,FP32,1256.1608363849377,0.408816034321164,0.5519935431799838
BGE-Flat,int8,1306.4128049576661,0.40360122006632493,0.5451699399157027
