Method,Quantization,Index Time (s)
BGE-HNSW,FP32,0.5655007362365723
BGE-HNSW,int8,0.48519158363342285
BGE-Flat,FP32,0.022582292556762695
BGE-Flat,int8,0.023090124130249023
