Method,Quantization,QPS,nDCG@10,Recall@10
BGE-HNSW,FP32,713.8430816361264,0.7376262824405598,0.8658888888888888
BGE-HNSW,int8,643.1176525607076,0.7424397568840996,0.8725555555555555
BGE-Flat,FP32,961.9330839103851,0.7376262824405598,0.8658888888888888
BGE-Flat,int8,1043.8984649615845,0.7424397568840996,0.8725555555555555
