Method,Quantization,QPS,nDCG@10,Recall@10
BGE-HNSW,FP32,466.9026801972471,0.4529515763485557,0.8698435277382646
BGE-HNSW,int8,458.37018615194904,0.4498796250828238,0.8648648648648649
BGE-Flat,FP32,529.2300051198222,0.4530008817837809,0.8698435277382646
BGE-Flat,int8,568.2552877969765,0.4499379181651097,0.8648648648648649
