Method,Type,Recall@10,nDCG@10,QPS
BM25,Sparse (Baseline),0.6422475106685633,0.29985330497470736,15.966264143418565
SPLADE++ ED,Sparse (Learned),0.6650071123755334,0.31589819873287867,7.941974106347094
BGE-HNSW,Dense (HNSW),0.8698435277382646,0.4529515763485557,466.9026801972471
BGE-Flat,Dense (Flat),0.8698435277382646,0.4530008817837809,529.2300051198222
