{
  "dataset": "scifact",
  "num_documents": 5183,
  "num_queries": 300,
  "num_qrels": 300,
  "hnsw_M": 16,
  "hnsw_efC": 100,
  "hnsw_efSearch": 1000,
  "threads": "16",
  "k_retrieve": 1000,
  "k_eval": 10,
  "index_times": {
    "BM25": 7.704782485961914,
    "SPLADE++ ED": 19.49258589744568,
    "BGE-HNSW": 1.3320918083190918,
    "BGE-Flat": 0.020150184631347656,
    "BGE-HNSW-int8": 1.5317726135253906,
    "BGE-Flat-int8": 0.020094871520996094
  },
  "total_indexing_time": 28.549610376358032,
  "int8_quantization": {
    "method": "simple_linear_quantization",
    "scale": 127,
    "range": "[-128, 127]"
  },
  "speedup": {
    "hnsw_indexing": 0.8696407002951101,
    "flat_indexing": 1.0027525983579326,
    "hnsw_query": 0.9391132249739137,
    "flat_query": 1.0948276206735248
  },
  "quality_retention": {
    "hnsw_ndcg": 100.65256276221797,
    "flat_ndcg": 100.65256276221797
  }
}