Method,Quantization,Index Time (s)
BGE-HNSW,FP32,1.3320918083190918
BGE-HNSW,int8,1.5317726135253906
BGE-Flat,FP32,0.020150184631347656
BGE-Flat,int8,0.020094871520996094
