Method,Quantization,QPS,nDCG@10,Recall@10
BGE-HNSW,FP32,489.52880334794446,0.7376262824405598,0.8658888888888888
BGE-HNSW,int8,459.72297322970894,0.7424397568840996,0.8725555555555555
BGE-Flat,FP32,765.8451257143901,0.7376262824405598,0.8658888888888888
BGE-Flat,int8,838.4683967903021,0.7424397568840996,0.8725555555555555
