Method,Type,Recall@10,nDCG@10,QPS
BM25,Sparse (Baseline),0.8038333333333334,0.6789094274508312,12.912041486947265
SPLADE++ ED,Sparse (Learned),0.6956666666666668,0.5487280794531919,3.5976610447847146
BGE-HNSW,Dense (HNSW),0.8658888888888888,0.7376262824405598,489.52880334794446
BGE-Flat,Dense (Flat),0.8658888888888888,0.7376262824405598,765.8451257143901
