Method,Quantization,QPS,nDCG@10,Recall@10
BGE-HNSW,FP32,411.5617185775778,0.8888195483206036,0.9572880843796012
BGE-HNSW,int8,409.8794905803689,0.8888681101142561,0.9579698391237582
BGE-Flat,FP32,154.71681650307593,0.8889982808433977,0.9573714177129344
BGE-Flat,int8,152.20640764450738,0.8888662645810795,0.9578526712039588
