Method,Type,Recall@10,nDCG@10,QPS
BM25,Sparse (Baseline),0.8894416519127726,0.7885510542801004,21.371933344244695
SPLADE++ ED,Sparse (Learned),0.9309617304853691,0.8423020446060066,20.5966262641481
BGE-HNSW,Dense (HNSW),0.9572880843796012,0.8888195483206036,411.5617185775778
BGE-Flat,Dense (Flat),0.9573714177129344,0.8889982808433977,154.71681650307593
