Method,Type,Recall@10,nDCG@10,QPS
BM25,Sparse (Baseline),0.8894416519127726,0.7885510542801004,18.77974689504854
SPLADE++ ED,Sparse (Learned),0.9309617304853691,0.8423020446060066,18.613375034709108
BGE-HNSW,Dense (HNSW),0.9573214177129344,0.8888336750178896,360.7478440255895
BGE-Flat,Dense (Flat),0.9573714177129344,0.8889982808433977,120.19013331386437
