Method,Quantization,Index Time (s)
BGE-HNSW,FP32,208.23790526390076
BGE-HNSW,int8,234.623765707016
BGE-Flat,FP32,1.386491060256958
BGE-Flat,int8,1.1802778244018555
