Method,Quantization,Index Time (s)
BGE-HNSW,FP32,191.37427067756653
BGE-HNSW,int8,194.03378415107727
BGE-Flat,FP32,1.315732717514038
BGE-Flat,int8,3.1747629642486572
