Method,Quantization,QPS,nDCG@10,Recall@10
BGE-HNSW,FP32,360.7478440255895,0.8888336750178896,0.9573214177129344
BGE-HNSW,int8,361.57461140550737,0.8889972771678677,0.9575556601371769
BGE-Flat,FP32,120.19013331386437,0.8889982808433977,0.9573714177129344
BGE-Flat,int8,28.05976856797536,0.8890003780849917,0.9575056601371769
