Method,Quantization,Index Time (s)
BGE-HNSW,FP32,0.701725959777832
BGE-HNSW,int8,0.6881375312805176
BGE-Flat,FP32,0.016536235809326172
BGE-Flat,int8,0.01086115837097168
