Method,Type,Recall@10,nDCG@10,QPS
BM25,Sparse (Baseline),0.15414677558822193,0.3230530054479484,31.938218900677683
SPLADE++ ED,Sparse (Learned),0.1302634211061029,0.2495978260197036,4.724696909965448
BGE-HNSW,Dense (HNSW),0.17563869773151328,0.37096131457182796,439.19926188495543
BGE-Flat,Dense (Flat),0.17560086127419483,0.3693186201459581,1072.8785254851773
