Method,Quantization,QPS,nDCG@10,Recall@10
BGE-HNSW,FP32,439.19926188495543,0.37096131457182796,0.17563869773151328
BGE-HNSW,int8,516.9145657969391,0.37301168728170314,0.17609364668987354
BGE-Flat,FP32,1072.8785254851773,0.3693186201459581,0.17560086127419483
BGE-Flat,int8,1095.8014816564332,0.3717364712488096,0.17609364668987354
