{
  "dataset": "nfcorpus",
  "num_documents": 3633,
  "num_queries": 323,
  "num_qrels": 323,
  "hnsw_M": 16,
  "hnsw_efC": 100,
  "hnsw_efSearch": 1000,
  "threads": "16",
  "k_retrieve": 1000,
  "k_eval": 10,
  "index_times": {
    "BM25": 7.719362497329712,
    "SPLADE++ ED": 16.032296419143677,
    "BGE-HNSW": 0.701725959777832,
    "BGE-Flat": 0.016536235809326172,
    "BGE-HNSW-int8": 0.6881375312805176,
    "BGE-Flat-int8": 0.01086115837097168
  },
  "total_indexing_time": 24.469921112060547,
  "int8_quantization": {
    "method": "simple_linear_quantization",
    "scale": 127,
    "range": "[-128, 127]"
  },
  "speedup": {
    "hnsw_indexing": 1.01974667545313,
    "flat_indexing": 1.522511250137197,
    "hnsw_query": 1.1769477106551707,
    "flat_query": 1.0213658448992533
  },
  "quality_retention": {
    "hnsw_ndcg": 100.55271874164069,
    "flat_ndcg": 100.65467890622355
  }
}