Method,Quantization,QPS,nDCG@10,Recall@10
BGE-HNSW,FP32,291.010043427594,0.19189401015791244,0.06801991770422373
BGE-HNSW,int8,296.53785198566374,0.19662639099972715,0.06833063713386665
BGE-Flat,FP32,9.466179099769924,0.19189401015791244,0.06801991770422373
BGE-Flat,int8,9.702917708266943,0.19662639099972715,0.06833063713386665
