Method,Quantization,Index Time (s)
BGE-HNSW,FP32,113.01409316062927
BGE-HNSW,int8,114.24154949188232
BGE-Flat,FP32,1.6995627880096436
BGE-Flat,int8,1.650068998336792
