Method,Type,Recall@10,nDCG@10,QPS
BM25,Sparse (Baseline),0.10390967552530128,0.43642997054074995,5.652142403445922
SPLADE++ ED,Sparse (Learned),0.026536696775394653,0.11396063666937274,7.485405526049585
BGE-HNSW,Dense (HNSW),0.06801991770422373,0.19189401015791244,291.010043427594
BGE-Flat,Dense (Flat),0.06801991770422373,0.19189401015791244,9.466179099769924
