{
  "dataset": "webis-touche2020",
  "num_documents": 382545,
  "num_queries": 49,
  "num_qrels": 49,
  "hnsw_M": 16,
  "hnsw_efC": 100,
  "hnsw_efSearch": 1000,
  "threads": "16",
  "k_retrieve": 1000,
  "k_eval": 10,
  "index_times": {
    "BM25": 104.50082349777222,
    "SPLADE++ ED": 533.4585726261139,
    "BGE-HNSW": 113.01409316062927,
    "BGE-Flat": 1.6995627880096436,
    "BGE-HNSW-int8": 114.24154949188232,
    "BGE-Flat-int8": 1.650068998336792
  },
  "total_indexing_time": 752.673052072525,
  "int8_quantization": {
    "method": "simple_linear_quantization",
    "scale": 127,
    "range": "[-128, 127]"
  },
  "speedup": {
    "hnsw_indexing": 0.9892556050166295,
    "flat_indexing": 1.0299949818599947,
    "hnsw_query": 1.0189952501053288,
    "flat_query": 1.025008887535497
  },
  "quality_retention": {
    "hnsw_ndcg": 102.46614307446093,
    "flat_ndcg": 102.46614307446093
  }
}