Method,Quantization,Index Time (s)
BGE-HNSW,FP32,9.471953868865967
BGE-HNSW,int8,9.205144166946411
BGE-Flat,FP32,0.15144777297973633
BGE-Flat,int8,0.13311767578125
