Method,Quantization,QPS,nDCG@10,Recall@10
BGE-HNSW,FP32,330.3290063684927,0.2146743508982934,0.03766789819376026
BGE-HNSW,int8,322.0766463823255,0.21485370765185546,0.038167898193760263
BGE-Flat,FP32,132.29480084420297,0.2146743508982934,0.03766789819376026
BGE-Flat,int8,138.52252948245274,0.21489826237651868,0.0382012315270936
