Method,Quantization,Index Time (s)
BGE-HNSW,FP32,9.97435998916626
BGE-HNSW,int8,9.718069076538086
BGE-Flat,FP32,0.02738642692565918
BGE-Flat,int8,0.18479275703430176
