Method,Type,Recall@10,nDCG@10,QPS
BM25,Sparse (Baseline),0.025853119868637107,0.14904809869978664,15.729632716782797
SPLADE++ ED,Sparse (Learned),0.027254269293924466,0.15955552539348022,1000.0
BGE-HNSW,Dense (HNSW),0.03766789819376026,0.2146743508982934,402.1343213449296
BGE-Flat,Dense (Flat),0.03766789819376026,0.2146743508982934,1522.4881039282354
