Method,Quantization,QPS,nDCG@10,Recall@10
BGE-HNSW,FP32,402.1343213449296,0.2146743508982934,0.03766789819376026
BGE-HNSW,int8,395.3606089130106,0.21485776576114704,0.03816789819376026
BGE-Flat,FP32,1522.4881039282354,0.2146743508982934,0.03766789819376026
BGE-Flat,int8,1483.741928271902,0.21474357695966026,0.03813456486042693
