Method,Quantization,QPS,nDCG@10,Recall@10
BGE-HNSW,FP32,275.20584418705243,0.5020977792637208,0.6328225815114338
BGE-HNSW,int8,228.25369399545846,0.4980944176278338,0.6243378046727058
BGE-Flat,FP32,149.77744748409654,0.5020977792637208,0.6328225815114338
BGE-Flat,int8,168.30807796177552,0.4976855246336905,0.6230264074385619
