Method,Type,Recall@10,nDCG@10,QPS
BM25,Sparse (Baseline),0.47466755549363454,0.3801411648914848,15.907999709709866
SPLADE++ ED,Sparse (Learned),0.3361002708463447,0.257511304766207,9.30387300640637
BGE-HNSW,Dense (HNSW),0.6328225815114338,0.5020977792637208,275.20584418705243
BGE-Flat,Dense (Flat),0.6328225815114338,0.5020977792637208,149.77744748409654
