Method,Quantization,Index Time (s)
BGE-HNSW,FP32,12.544703483581543
BGE-HNSW,int8,10.50524091720581
BGE-Flat,FP32,0.10231471061706543
BGE-Flat,int8,0.10272955894470215
