Method,Quantization,QPS,nDCG@10,Recall@10
BGE-HNSW,FP32,189.3954452186565,0.4593114764738389,0.5535825610096482
BGE-HNSW,int8,194.17070927451496,0.46061851736658876,0.5547502892474402
BGE-Flat,FP32,894.1229517667974,0.45976430142522884,0.5535825610096482
BGE-Flat,int8,129.93006626809822,0.46043439964281935,0.554113346572281
