Method,Quantization,Index Time (s)
BGE-HNSW,FP32,28.76847529411316
BGE-HNSW,int8,28.93329119682312
BGE-Flat,FP32,0.11710834503173828
BGE-Flat,int8,0.28844141960144043
