Method,Type,Recall@10,nDCG@10,QPS
BM25,Sparse (Baseline),0.41299747984201135,0.34527440689133965,17.975598156233414
SPLADE++ ED,Sparse (Learned),0.5059786530907641,0.4196329111954412,1570.0
BGE-HNSW,Dense (HNSW),0.5535825610096482,0.4593114764738389,226.81524951251507
BGE-Flat,Dense (Flat),0.5535825610096482,0.45976430142522884,664.2415869516449
