Method,Quantization,Index Time (s)
BGE-HNSW,FP32,32.679818868637085
BGE-HNSW,int8,36.38135075569153
BGE-Flat,FP32,0.11052131652832031
BGE-Flat,int8,0.11517333984375
