Method,Type,Recall@10,nDCG@10,QPS
BM25,Sparse (Baseline),0.41299747984201135,0.34527440689133965,16.94818222392154
SPLADE++ ED,Sparse (Learned),0.5059132731695343,0.41968623112162534,133.98675327120674
BGE-HNSW,Dense (HNSW),0.5535825610096482,0.4593114764738389,189.3954452186565
BGE-Flat,Dense (Flat),0.5535825610096482,0.45976430142522884,894.1229517667974
