Method,Quantization,QPS,nDCG@10,Recall@10
BGE-HNSW,FP32,226.81524951251507,0.4593114764738389,0.5535825610096482
BGE-HNSW,int8,216.64557464056148,0.45694948316662026,0.54593089944039
BGE-Flat,FP32,664.2415869516449,0.45976430142522884,0.5535825610096482
BGE-Flat,int8,982.119507318852,0.4581395938721237,0.5472047847907084
